accuracy,f1_score,roc_auc,model
0.8731707317073171,0.8796296296296297,0.9447619047619047,LogisticRegression
1.0,1.0,1.0,RandomForest
