accuracy,f1_score,roc_auc,model
0.8097560975609757,0.8311688311688312,0.807142857142857,LogisticRegression
1.0,1.0,1.0,RandomForest
